{
  "cells": [
    {
      "index": "삼성전자",
      "horizon": 1,
      "n_test": 242,
      "accuracy": 0.45454545454545453,
      "macro_f1": 0.44912740567013865
    },
    {
      "index": "삼성전자",
      "horizon": 5,
      "n_test": 242,
      "accuracy": 0.44214876033057854,
      "macro_f1": 0.43157894736842106
    },
    {
      "index": "삼성전자",
      "horizon": 21,
      "n_test": 242,
      "accuracy": 0.45867768595041325,
      "macro_f1": 0.42919389978213507
    },
    {
      "index": "삼성전자",
      "horizon": 252,
      "n_test": 93,
      "accuracy": 0.6451612903225806,
      "macro_f1": 0.39215686274509803
    }
  ],
  "per_class_precision_recall": {
    "삼성전자_h1": {
      "down": {
        "precision": 0.40186915887850466,
        "recall": 0.38738738738738737
      },
      "up": {
        "precision": 0.4962962962962963,
        "recall": 0.5114503816793893
      }
    },
    "삼성전자_h5": {
      "down": {
        "precision": 0.3825136612021858,
        "recall": 0.7608695652173914
      },
      "up": {
        "precision": 0.6271186440677966,
        "recall": 0.24666666666666667
      }
    },
    "삼성전자_h21": {
      "down": {
        "precision": 0.2014388489208633,
        "recall": 0.5833333333333334
      },
      "up": {
        "precision": 0.8058252427184466,
        "recall": 0.42783505154639173
      }
    },
    "삼성전자_h252": {
      "down": {
        "precision": 0.0,
        "recall": 0.0
      },
      "up": {
        "precision": 1.0,
        "recall": 0.6451612903225806
      }
    }
  },
  "confusion_matrices": {
    "삼성전자_h1": [
      [
        43,
        68
      ],
      [
        64,
        67
      ]
    ],
    "삼성전자_h5": [
      [
        70,
        22
      ],
      [
        113,
        37
      ]
    ],
    "삼성전자_h21": [
      [
        28,
        20
      ],
      [
        111,
        83
      ]
    ],
    "삼성전자_h252": [
      [
        0,
        0
      ],
      [
        33,
        60
      ]
    ]
  },
  "note_h252": "h=252(및 h=21) test 표본 매우 작고 거의 단일 클래스 → 신뢰도 낮음"
}