index,horizon,n_test,accuracy,macro_f1,tau_lo,tau_hi
삼성전자,1,242,0.5454545454545454,0.5268396729470317,1.0,1.0
삼성전자,5,242,0.5495867768595041,0.5121960240406842,1.0,1.0
삼성전자,21,242,0.5330578512396694,0.46002409020002766,2.0,2.0
삼성전자,252,93,0.40860215053763443,0.2900763358778626,2.0,2.0
