{
  "cells": [
    {
      "index": "삼성전자",
      "horizon": 1,
      "n_test": 242,
      "accuracy": 0.29338842975206614,
      "macro_f1": 0.28573489591358636
    },
    {
      "index": "삼성전자",
      "horizon": 5,
      "n_test": 242,
      "accuracy": 0.3760330578512397,
      "macro_f1": 0.3511714272662882
    },
    {
      "index": "삼성전자",
      "horizon": 21,
      "n_test": 242,
      "accuracy": 0.2892561983471074,
      "macro_f1": 0.25527394744984694
    },
    {
      "index": "삼성전자",
      "horizon": 252,
      "n_test": 93,
      "accuracy": 0.6451612903225806,
      "macro_f1": 0.26143790849673204
    }
  ],
  "per_class_precision_recall": {
    "삼성전자_h1": {
      "down(-1)": {
        "precision": 0.29411764705882354,
        "recall": 0.18292682926829268
      },
      "flat(0)": {
        "precision": 0.19642857142857142,
        "recall": 0.43137254901960786
      },
      "up(+1)": {
        "precision": 0.43037974683544306,
        "recall": 0.3119266055045872
      }
    },
    "삼성전자_h5": {
      "down(-1)": {
        "precision": 0.43157894736842106,
        "recall": 0.5256410256410257
      },
      "flat(0)": {
        "precision": 0.12658227848101267,
        "recall": 0.3333333333333333
      },
      "up(+1)": {
        "precision": 0.5882352941176471,
        "recall": 0.29850746268656714
      }
    },
    "삼성전자_h21": {
      "down(-1)": {
        "precision": 0.1565217391304348,
        "recall": 0.6428571428571429
      },
      "flat(0)": {
        "precision": 0.10606060606060606,
        "recall": 0.1891891891891892
      },
      "up(+1)": {
        "precision": 0.7377049180327869,
        "recall": 0.2542372881355932
      }
    },
    "삼성전자_h252": {
      "down(-1)": {
        "precision": 0.0,
        "recall": 0.0
      },
      "flat(0)": {
        "precision": 0.0,
        "recall": 0.0
      },
      "up(+1)": {
        "precision": 1.0,
        "recall": 0.6451612903225806
      }
    }
  },
  "confusion_matrices": {
    "삼성전자_h1": [
      [
        15,
        40,
        27
      ],
      [
        11,
        22,
        18
      ],
      [
        25,
        50,
        34
      ]
    ],
    "삼성전자_h5": [
      [
        41,
        17,
        20
      ],
      [
        12,
        10,
        8
      ],
      [
        42,
        52,
        40
      ]
    ],
    "삼성전자_h21": [
      [
        18,
        7,
        3
      ],
      [
        17,
        7,
        13
      ],
      [
        80,
        52,
        45
      ]
    ],
    "삼성전자_h252": [
      [
        0,
        0,
        0
      ],
      [
        0,
        0,
        0
      ],
      [
        31,
        2,
        60
      ]
    ]
  },
  "note_h252": "h=252(및 h=21) test 표본 매우 작고 거의 단일 클래스 → 신뢰도 낮음"
}