index,horizon,n_test,accuracy,macro_f1,majority_acc
KOSPI,1,20,0.3,0.2594268476621418,0.2
KOSPI,5,20,0.5,0.37777777777777777,0.4
KOSPI,21,20,0.4,0.32996632996632996,0.65
KOSPI,252,20,0.95,0.3247863247863248,1.0
KOSDAQ,1,20,0.35,0.32539682539682535,0.45
KOSDAQ,5,20,0.5,0.44801864801864805,0.35
KOSDAQ,21,20,0.0,0.0,0.0
KOSDAQ,252,20,0.05,0.031746031746031744,0.0
