{
  "cells": [
    {
      "index": "삼성전자",
      "horizon": 1,
      "n_test": 486,
      "accuracy": 0.5370370370370371,
      "macro_f1": 0.537035076949131
    },
    {
      "index": "삼성전자",
      "horizon": 5,
      "n_test": 486,
      "accuracy": 0.5102880658436214,
      "macro_f1": 0.5027085590465872
    },
    {
      "index": "삼성전자",
      "horizon": 21,
      "n_test": 486,
      "accuracy": 0.5082304526748971,
      "macro_f1": 0.4968791555311066
    },
    {
      "index": "삼성전자",
      "horizon": 252,
      "n_test": 337,
      "accuracy": 0.655786350148368,
      "macro_f1": 0.6463670574612823
    }
  ],
  "per_class_precision_recall": {
    "삼성전자_h1": {
      "down": {
        "precision": 0.5531914893617021,
        "recall": 0.52
      },
      "up": {
        "precision": 0.5219123505976095,
        "recall": 0.5550847457627118
      }
    },
    "삼성전자_h5": {
      "down": {
        "precision": 0.49044585987261147,
        "recall": 0.6637931034482759
      },
      "up": {
        "precision": 0.5465116279069767,
        "recall": 0.3700787401574803
      }
    },
    "삼성전자_h21": {
      "down": {
        "precision": 0.4306930693069307,
        "recall": 0.41232227488151657
      },
      "up": {
        "precision": 0.5633802816901409,
        "recall": 0.5818181818181818
      }
    },
    "삼성전자_h252": {
      "down": {
        "precision": 0.6974789915966386,
        "recall": 0.50920245398773
      },
      "up": {
        "precision": 0.6330275229357798,
        "recall": 0.7931034482758621
      }
    }
  },
  "confusion_matrices": {
    "삼성전자_h1": [
      [
        130,
        120
      ],
      [
        105,
        131
      ]
    ],
    "삼성전자_h5": [
      [
        154,
        78
      ],
      [
        160,
        94
      ]
    ],
    "삼성전자_h21": [
      [
        87,
        124
      ],
      [
        115,
        160
      ]
    ],
    "삼성전자_h252": [
      [
        83,
        80
      ],
      [
        36,
        138
      ]
    ]
  },
  "note_h252": "h=252(및 h=21) test 표본 매우 작고 거의 단일 클래스 → 신뢰도 낮음"
}