{
  "n_test_rows": 40,
  "mean_n_active": 30.0,
  "mean_norm_entropy": 0.9998536847708299,
  "min_norm_entropy": 0.9996553412776811,
  "mean_top1_lift": 1.0690614938735963,
  "max_top1_lift": 1.1036418676376343,
  "mean_top5_mass": 0.1745333790779114,
  "uniform_weight_1_over_n": 0.03333333333333333,
  "interpretation": "norm_entropy≈1 이고 top1_lift≈1 이면 attention 이 균일에 가까워 pooling 이 사실상 평균과 무차별(헤드라인 차별화 실패)."
}