{
  "cells": [
    {
      "index": "삼성전자",
      "horizon": 1,
      "n_test": 486,
      "accuracy": 0.3662551440329218,
      "macro_f1": 0.33098171511461455
    },
    {
      "index": "삼성전자",
      "horizon": 5,
      "n_test": 486,
      "accuracy": 0.4012345679012346,
      "macro_f1": 0.35976215951690094
    },
    {
      "index": "삼성전자",
      "horizon": 21,
      "n_test": 486,
      "accuracy": 0.4279835390946502,
      "macro_f1": 0.35842574087366524
    },
    {
      "index": "삼성전자",
      "horizon": 252,
      "n_test": 337,
      "accuracy": 0.5964391691394659,
      "macro_f1": 0.44793981602414434
    }
  ],
  "per_class_precision_recall": {
    "삼성전자_h1": {
      "down(-1)": {
        "precision": 0.4,
        "recall": 0.5212765957446809
      },
      "flat(0)": {
        "precision": 0.2463768115942029,
        "recall": 0.1588785046728972
      },
      "up(+1)": {
        "precision": 0.36627906976744184,
        "recall": 0.3298429319371728
      }
    },
    "삼성전자_h5": {
      "down(-1)": {
        "precision": 0.44029850746268656,
        "recall": 0.6276595744680851
      },
      "flat(0)": {
        "precision": 0.19607843137254902,
        "recall": 0.2597402597402597
      },
      "up(+1)": {
        "precision": 0.49137931034482757,
        "recall": 0.2579185520361991
      }
    },
    "삼성전자_h21": {
      "down(-1)": {
        "precision": 0.4110032362459547,
        "recall": 0.774390243902439
      },
      "flat(0)": {
        "precision": 0.17857142857142858,
        "recall": 0.12195121951219512
      },
      "up(+1)": {
        "precision": 0.5867768595041323,
        "recall": 0.29583333333333334
      }
    },
    "삼성전자_h252": {
      "down(-1)": {
        "precision": 0.6532258064516129,
        "recall": 0.5225806451612903
      },
      "flat(0)": {
        "precision": 0.05555555555555555,
        "recall": 0.2
      },
      "up(+1)": {
        "precision": 0.6666666666666666,
        "recall": 0.686046511627907
      }
    }
  },
  "confusion_matrices": {
    "삼성전자_h1": [
      [
        98,
        24,
        66
      ],
      [
        47,
        17,
        43
      ],
      [
        100,
        28,
        63
      ]
    ],
    "삼성전자_h5": [
      [
        118,
        27,
        43
      ],
      [
        41,
        20,
        16
      ],
      [
        109,
        55,
        57
      ]
    ],
    "삼성전자_h21": [
      [
        127,
        12,
        25
      ],
      [
        47,
        10,
        25
      ],
      [
        135,
        34,
        71
      ]
    ],
    "삼성전자_h252": [
      [
        81,
        19,
        55
      ],
      [
        4,
        2,
        4
      ],
      [
        39,
        15,
        118
      ]
    ]
  },
  "note_h252": "h=252(및 h=21) test 표본 매우 작고 거의 단일 클래스 → 신뢰도 낮음"
}