{
  "n_test_rows": 488,
  "mean_n_active": 30.0,
  "mean_norm_entropy": 0.8092634951293732,
  "min_norm_entropy": 0.6551250879988897,
  "mean_top1_lift": 6.314633627406886,
  "max_top1_lift": 13.96778678894043,
  "mean_top5_mass": 0.5816981390607162,
  "uniform_weight_1_over_n": 0.03333333333333333,
  "interpretation": "norm_entropy≈1 이고 top1_lift≈1 이면 attention 이 균일에 가까워 pooling 이 사실상 평균과 무차별(헤드라인 차별화 실패)."
}