{
  "1": 0.013539546836200407,
  "5": 0.027877804324284845,
  "21": 0.04627027588917419,
  "252": 0.18560117159644193
}