{
  "1": 0.013539546836200402,
  "5": 0.027877804324284845,
  "21": 0.046270275889174206,
  "252": 0.18560117159644193
}